{"images":[{"id":1,"file_name":"2_associates_00002.jpg","width":2000,"height":2670},{"id":2,"file_name":"2013_rt_cover_brian_rogers_00001-mos.jpg","width":766,"height":1022},{"id":3,"file_name":"6associates_bluetest.jpg","width":2000,"height":2671},{"id":4,"file_name":"7.jpg","width":864,"height":1296},{"id":5,"file_name":"8D5U5533_orig.jpg","width":541,"height":813},{"id":6,"file_name":"8D5U5545_orig.jpg","width":813,"height":541},{"id":7,"file_name":"8D5U5595_orig.jpg","width":544,"height":816},{"id":8,"file_name":"8D5U5611_orig.jpg","width":813,"height":541},{"id":9,"file_name":"ARMAFC.jpg","width":1300,"height":955},{"id":10,"file_name":"bob_amsterdam_00052.jpg","width":766,"height":1022},{"id":11,"file_name":"bobby_flay_00217.jpg","width":1538,"height":1152},{"id":12,"file_name":"bobby_flay_00254.jpg","width":1538,"height":1152},{"id":13,"file_name":"brendan_haircut_00001.jpg","width":1152,"height":1538},{"id":14,"file_name":"bts1.jpg","width":1440,"height":1080},{"id":15,"file_name":"catherine_mary_stewart_00074.jpg","width":970,"height":1296},{"id":16,"file_name":"catherine_mary_stewart_00331-mos.jpg","width":1022,"height":766},{"id":17,"file_name":"catherine_mary_stewart_00461.jpg","width":1123,"height":1500},{"id":18,"file_name":"deb1.jpg","width":312,"height":371},{"id":19,"file_name":"girl-with-colorchecker.jpg","width":800,"height":701},{"id":20,"file_name":"img_0172.jpg","width":1440,"height":1080},{"id":21,"file_name":"IMG_0319_orig.jpg","width":584,"height":877},{"id":22,"file_name":"IMG_0341_orig.jpg","width":874,"height":583},{"id":23,"file_name":"IMG_0475_orig.jpg","width":877,"height":584},{"id":24,"file_name":"IMG_0481_orig.jpg","width":874,"height":583},{"id":25,"file_name":"IMG_0750_orig.jpg","width":874,"height":583},{"id":26,"file_name":"IMG_1309 2.jpg","width":3024,"height":4032},{"id":27,"file_name":"IMG_1310.jpg","width":3024,"height":4032},{"id":28,"file_name":"IMG_1311.jpg","width":3024,"height":4032},{"id":29,"file_name":"IMG_1312.jpg","width":3024,"height":4032},{"id":30,"file_name":"IMG_1313.jpg","width":4032,"height":3024},{"id":31,"file_name":"IMG_1314.jpg","width":4032,"height":3024},{"id":32,"file_name":"IMG_1315.jpg","width":3024,"height":4032},{"id":33,"file_name":"IMG_1316.jpg","width":3024,"height":4032},{"id":34,"file_name":"IMG_1317.jpg","width":3024,"height":4032},{"id":35,"file_name":"IMG_1318.jpg","width":4032,"height":3024},{"id":36,"file_name":"IMG_1319.jpg","width":3024,"height":4032},{"id":37,"file_name":"IMG_1320.jpg","width":3024,"height":4032},{"id":38,"file_name":"IMG_1321.jpg","width":3024,"height":4032},{"id":39,"file_name":"IMG_1322.jpg","width":3024,"height":4032},{"id":40,"file_name":"IMG_1323.jpg","width":3024,"height":4032},{"id":41,"file_name":"IMG_1324.jpg","width":3024,"height":4032},{"id":42,"file_name":"IMG_1325.jpg","width":3024,"height":4032},{"id":43,"file_name":"IMG_1326.jpg","width":3024,"height":4032},{"id":44,"file_name":"IMG_1327.jpg","width":3024,"height":4032},{"id":45,"file_name":"IMG_1328.jpg","width":4032,"height":3024},{"id":46,"file_name":"IMG_1329.jpg","width":4032,"height":3024},{"id":47,"file_name":"IMG_1330.jpg","width":4032,"height":3024},{"id":48,"file_name":"IMG_1331.jpg","width":3024,"height":4032},{"id":49,"file_name":"IMG_1332.jpg","width":3024,"height":4032},{"id":50,"file_name":"IMG_1333.jpg","width":3024,"height":4032},{"id":51,"file_name":"IMG_1334.jpg","width":3024,"height":4032},{"id":52,"file_name":"IMG_1335.jpg","width":3024,"height":4032},{"id":53,"file_name":"IMG_1336.jpg","width":3024,"height":4032},{"id":54,"file_name":"IMG_1337.jpg","width":3024,"height":4032},{"id":55,"file_name":"IMG_1338.jpg","width":3024,"height":4032},{"id":56,"file_name":"IMG_1339.jpg","width":3024,"height":4032},{"id":57,"file_name":"IMG_1340.jpg","width":3024,"height":4032},{"id":58,"file_name":"IMG_1341.jpg","width":3024,"height":4032},{"id":59,"file_name":"IMG_1342.jpg","width":3024,"height":4032},{"id":60,"file_name":"IMG_1343.jpg","width":3024,"height":4032},{"id":61,"file_name":"IMG_1344.jpg","width":3024,"height":4032},{"id":62,"file_name":"IMG_1345.jpg","width":3024,"height":4032},{"id":63,"file_name":"IMG_1346.jpg","width":3024,"height":4032},{"id":64,"file_name":"IMG_1347.jpg","width":3024,"height":4032},{"id":65,"file_name":"IMG_1348.jpg","width":3024,"height":4032},{"id":66,"file_name":"IMG_1349.jpg","width":3024,"height":4032},{"id":67,"file_name":"jeff_kolitch_00097-mos.jpg","width":766,"height":1022},{"id":68,"file_name":"kaztest_mg_0015.jpg","width":864,"height":1296},{"id":69,"file_name":"kaztest.jpg","width":720,"height":961},{"id":70,"file_name":"mcc3-t.jpg","width":0,"height":0},{"id":71,"file_name":"megan_rapinoe_00023.jpg","width":864,"height":1153},{"id":72,"file_name":"megan_rapinoe_mg_0013.jpg","width":864,"height":1295},{"id":73,"file_name":"megan_rapinoe_mg_0100.jpg","width":1001,"height":1500},{"id":74,"file_name":"mg_0006.jpg","width":1200,"height":1800},{"id":75,"file_name":"mg_0008.jpg","width":1008,"height":1512},{"id":76,"file_name":"p04.jpg","width":320,"height":240},{"id":77,"file_name":"penn_jillette_00106.jpg","width":1400,"height":1869},{"id":78,"file_name":"penn_jillette_00135.jpg","width":1400,"height":1869},{"id":79,"file_name":"robert_benmosche_00011.jpg","width":1498,"height":2000},{"id":80,"file_name":"rt2012_xboard_00012-mos.jpg","width":961,"height":720},{"id":81,"file_name":"sg11.jpg","width":766,"height":1022},{"id":82,"file_name":"sg13.jpg","width":864,"height":1295},{"id":83,"file_name":"sg8.jpg","width":864,"height":1154},{"id":84,"file_name":"t-7797r.jpg","width":240,"height":320}],"annotations":[{"area":166790,"iscrowd":0,"id":1,"image_id":1,"category_id":1,"segmentation":[[348,1146,357,1490,845,1474,833,1137]],"bbox":[348,1137,498,354]},{"area":8315,"iscrowd":0,"id":2,"image_id":2,"category_id":1,"segmentation":[[232,361,227,433,341,430,345,359]],"bbox":[227,359,119,75]},{"area":38280,"iscrowd":0,"id":3,"image_id":3,"category_id":1,"segmentation":[[929,1842,1160,1842,1160,1678,929,1678]],"bbox":[929,1678,232,165]},{"area":10244,"iscrowd":0,"id":4,"image_id":4,"category_id":1,"segmentation":[[396,683,481,692,469,810,385,799]],"bbox":[385,683,97,128]},{"area":57356,"iscrowd":0,"id":5,"image_id":5,"category_id":1,"segmentation":[[65,496,346,490,379,679,63,686]],"bbox":[63,490,317,197]},{"area":86316,"iscrowd":0,"id":6,"image_id":6,"category_id":1,"segmentation":[[106,259,431,287,415,540,85,519]],"bbox":[85,259,347,282]},{"area":4220,"iscrowd":0,"id":7,"image_id":7,"category_id":1,"segmentation":[[264,597,339,602,337,656,264,653]],"bbox":[264,597,76,60]},{"area":15468,"iscrowd":0,"id":8,"image_id":8,"category_id":1,"segmentation":[[81,312,221,288,237,390,97,420]],"bbox":[81,288,157,133]},{"area":520597,"iscrowd":0,"id":9,"image_id":9,"category_id":1,"segmentation":[[196,141,181,743,1049,756,1052,156]],"bbox":[181,141,872,616]},{"area":30343,"iscrowd":0,"id":10,"image_id":10,"category_id":1,"segmentation":[[445,483,591,476,597,683,453,688]],"bbox":[445,476,153,213]},{"area":6646,"iscrowd":0,"id":11,"image_id":11,"category_id":1,"segmentation":[[681,528,775,518,781,586,685,595]],"bbox":[681,518,101,78]},{"area":11545,"iscrowd":0,"id":12,"image_id":12,"category_id":1,"segmentation":[[899,484,1026,482,1028,571,901,573]],"bbox":[899,482,130,92]},{"area":146896,"iscrowd":0,"id":13,"image_id":13,"category_id":1,"segmentation":[[305,920,761,916,766,1233,306,1240]],"bbox":[305,916,462,325]},{"area":180641,"iscrowd":0,"id":14,"image_id":14,"category_id":1,"segmentation":[[1040,386,1439,653,1366,960,853,651]],"bbox":[853,386,587,575]},{"area":17899,"iscrowd":0,"id":15,"image_id":15,"category_id":1,"segmentation":[[636,659,795,667,791,777,631,769]],"bbox":[631,659,165,119]},{"area":13406,"iscrowd":0,"id":16,"image_id":16,"category_id":1,"segmentation":[[409,725,371,636,235,720,260,765]],"bbox":[235,636,175,130]},{"area":31441,"iscrowd":0,"id":17,"image_id":17,"category_id":1,"segmentation":[[693,580,695,725,906,722,904,573]],"bbox":[693,573,214,153]},{"area":12960,"iscrowd":0,"id":18,"image_id":18,"category_id":1,"segmentation":[[141,152,139,242,282,230,275,138]],"bbox":[139,138,144,105]},{"area":82292,"iscrowd":0,"id":19,"image_id":19,"category_id":1,"segmentation":[[101,346,444,339,448,578,105,582]],"bbox":[101,339,348,244]},{"area":123958,"iscrowd":0,"id":20,"image_id":20,"category_id":1,"segmentation":[[1068,379,945,663,1234,843,1399,452]],"bbox":[945,379,455,465]},{"area":10421,"iscrowd":0,"id":21,"image_id":21,"category_id":1,"segmentation":[[399,473,402,557,526,555,517,471]],"bbox":[399,471,128,87]},{"area":5924,"iscrowd":0,"id":22,"image_id":22,"category_id":1,"segmentation":[[695,190,669,246,759,267,785,207]],"bbox":[669,190,117,78]},{"area":15573,"iscrowd":0,"id":23,"image_id":23,"category_id":1,"segmentation":[[760,352,840,410,718,521,651,448]],"bbox":[651,352,190,170]},{"area":11963,"iscrowd":0,"id":24,"image_id":24,"category_id":1,"segmentation":[[104,426,101,508,260,506,245,432]],"bbox":[101,426,160,83]},{"area":6117,"iscrowd":0,"id":25,"image_id":25,"category_id":1,"segmentation":[[733,378,718,436,813,463,825,402]],"bbox":[718,378,108,86]},{"area":3147318,"iscrowd":0,"id":26,"image_id":26,"category_id":1,"segmentation":[[309,1831,1314,2944,2876,1414,1808,417]],"bbox":[309,417,2568,2528]},{"area":2347687,"iscrowd":0,"id":27,"image_id":27,"category_id":1,"segmentation":[[1711,2995,2525,1991,1063,873,285,1884]],"bbox":[285,873,2241,2123]},{"area":578690,"iscrowd":0,"id":28,"image_id":28,"category_id":1,"segmentation":[[862,2124,986,2745,1890,2516,1730,1907]],"bbox":[862,1907,1029,839]},{"area":1247961,"iscrowd":0,"id":29,"image_id":29,"category_id":1,"segmentation":[[1797,1180,2313,1956,1219,2698,685,1927]],"bbox":[685,1180,1629,1519]},{"area":448651,"iscrowd":0,"id":30,"image_id":30,"category_id":1,"segmentation":[[1338,1056,1928,1850,2323,1578,1793,872]],"bbox":[1338,872,986,979]},{"area":2806629,"iscrowd":0,"id":31,"image_id":31,"category_id":1,"segmentation":[[1543,549,1183,1721,3881,2007,3532,790]],"bbox":[1183,549,2699,1459]},{"area":964277,"iscrowd":0,"id":32,"image_id":32,"category_id":1,"segmentation":[[1477,983,1948,2805,2349,2248,2102,824]],"bbox":[1477,824,873,1982]},{"area":764787,"iscrowd":0,"id":33,"image_id":33,"category_id":1,"segmentation":[[1603,283,2186,104,2374,1406,1990,1795]],"bbox":[1603,104,772,1692]},{"area":920937,"iscrowd":0,"id":34,"image_id":34,"category_id":1,"segmentation":[[470,737,966,1940,1595,1629,1232,519]],"bbox":[470,519,1126,1422]},{"area":1081022,"iscrowd":0,"id":35,"image_id":35,"category_id":1,"segmentation":[[1247,787,2146,802,2113,2036,1272,2032]],"bbox":[1247,787,900,1250]},{"area":288612,"iscrowd":0,"id":36,"image_id":36,"category_id":1,"segmentation":[[1960,1553,1904,2038,2513,2126,2480,1596]],"bbox":[1904,1553,610,574]},{"area":336723,"iscrowd":0,"id":37,"image_id":37,"category_id":1,"segmentation":[[1249,1517,1747,1513,1781,2149,1218,2145]],"bbox":[1218,1513,564,637]},{"area":320018,"iscrowd":0,"id":38,"image_id":38,"category_id":1,"segmentation":[[1344,1046,2003,981,2186,1401,1307,1444]],"bbox":[1307,981,880,464]},{"area":1762884,"iscrowd":0,"id":39,"image_id":39,"category_id":1,"segmentation":[[812,536,1236,1723,2774,1235,1922,175]],"bbox":[812,175,1963,1549]},{"area":233015,"iscrowd":0,"id":40,"image_id":40,"category_id":1,"segmentation":[[1008,1934,1161,2267,1867,2128,1649,1838]],"bbox":[1008,1838,860,430]},{"area":128971,"iscrowd":0,"id":41,"image_id":41,"category_id":1,"segmentation":[[1347,2092,1448,2344,1947,2259,1813,2019]],"bbox":[1347,2019,601,326]},{"area":31447,"iscrowd":0,"id":42,"image_id":42,"category_id":1,"segmentation":[[1806,1832,1838,1925,2184,1902,2128,1815]],"bbox":[1806,1815,379,111]},{"area":104196,"iscrowd":0,"id":43,"image_id":43,"category_id":1,"segmentation":[[1284,1564,1366,1739,1988,1661,1861,1514]],"bbox":[1284,1514,705,226]},{"area":19633,"iscrowd":0,"id":44,"image_id":44,"category_id":1,"segmentation":[[799,1164,841,1227,1174,1207,1114,1156]],"bbox":[799,1156,376,72]},{"area":79585,"iscrowd":0,"id":45,"image_id":45,"category_id":1,"segmentation":[[1927,1330,1898,1442,2350,1621,2387,1406]],"bbox":[1898,1330,490,292]},{"area":242948,"iscrowd":0,"id":46,"image_id":46,"category_id":1,"segmentation":[[1748,2381,1794,2718,2133,2726,2431,2664,2321,2263]],"bbox":[1748,2263,684,464]},{"area":1021871,"iscrowd":0,"id":47,"image_id":47,"category_id":1,"segmentation":[[2130,747,1573,1867,2320,2259,2833,1173]],"bbox":[1573,747,1261,1513]},{"area":1518020,"iscrowd":0,"id":48,"image_id":48,"category_id":1,"segmentation":[[1469,1755,775,2395,2148,3267,2753,2341]],"bbox":[775,1755,1979,1513]},{"area":2700177,"iscrowd":0,"id":49,"image_id":49,"category_id":1,"segmentation":[[1731,1445,2891,1862,1548,3508,229,2429]],"bbox":[229,1445,2663,2064]},{"area":3474849,"iscrowd":0,"id":50,"image_id":50,"category_id":1,"segmentation":[[692,2794,2378,2551,1980,342,513,715]],"bbox":[513,342,1866,2453]},{"area":1514520,"iscrowd":0,"id":51,"image_id":51,"category_id":1,"segmentation":[[510,881,1067,1719,2922,1035,2072,531]],"bbox":[510,531,2413,1189]},{"area":1048397,"iscrowd":0,"id":52,"image_id":52,"category_id":1,"segmentation":[[923,1895,820,2652,2371,2606,2160,1866]],"bbox":[820,1866,1552,787]},{"area":646720,"iscrowd":0,"id":53,"image_id":53,"category_id":1,"segmentation":[[1069,1414,1122,2096,2072,2024,2017,1355]],"bbox":[1069,1355,1004,742]},{"area":715436,"iscrowd":0,"id":54,"image_id":54,"category_id":1,"segmentation":[[884,1521,954,2177,1955,2200,2006,1512]],"bbox":[884,1512,1123,689]},{"area":504450,"iscrowd":0,"id":55,"image_id":55,"category_id":1,"segmentation":[[921,2005,1123,2648,1802,3061,1673,2167]],"bbox":[921,2005,882,1057]},{"area":946449,"iscrowd":0,"id":56,"image_id":56,"category_id":1,"segmentation":[[803,689,1193,1529,2102,1749,1799,571]],"bbox":[803,571,1300,1179]},{"area":318451,"iscrowd":0,"id":57,"image_id":57,"category_id":1,"segmentation":[[1556,1648,1540,2306,2055,2079,2081,1503]],"bbox":[1540,1503,542,804]},{"area":1093204,"iscrowd":0,"id":58,"image_id":58,"category_id":1,"segmentation":[[945,1399,1000,2248,2204,2200,2149,1247]],"bbox":[945,1247,1260,1002]},{"area":1457191,"iscrowd":0,"id":59,"image_id":59,"category_id":1,"segmentation":[[1147,1335,1247,2328,2389,2852,2395,1389]],"bbox":[1147,1335,1249,1518]},{"area":1396138,"iscrowd":0,"id":60,"image_id":60,"category_id":1,"segmentation":[[1071,2018,2222,2015,1889,3422,811,2998]],"bbox":[811,2015,1412,1408]},{"area":766676,"iscrowd":0,"id":61,"image_id":61,"category_id":1,"segmentation":[[1141,1484,1845,1275,2137,2312,1432,2466]],"bbox":[1141,1275,997,1192]},{"area":1242442,"iscrowd":0,"id":62,"image_id":62,"category_id":1,"segmentation":[[959,1507,1383,2827,2145,2422,1942,1169]],"bbox":[959,1169,1187,1659]},{"area":1578305,"iscrowd":0,"id":63,"image_id":63,"category_id":1,"segmentation":[[310,1096,738,1925,2184,1933,2210,902]],"bbox":[310,902,1901,1032]},{"area":1717963,"iscrowd":0,"id":64,"image_id":64,"category_id":1,"segmentation":[[1656,1130,1234,2642,2329,2913,2688,1401]],"bbox":[1234,1130,1455,1784]},{"area":2604687,"iscrowd":0,"id":65,"image_id":65,"category_id":1,"segmentation":[[854,1414,2287,1468,2151,3437,860,3252]],"bbox":[854,1414,1434,2024]},{"area":439223,"iscrowd":0,"id":66,"image_id":66,"category_id":1,"segmentation":[[1841,1533,2370,1555,2347,2436,1830,2321]],"bbox":[1830,1533,541,904]},{"area":7416,"iscrowd":0,"id":67,"image_id":67,"category_id":1,"segmentation":[[330,521,401,521,401,419,330,419]],"bbox":[330,419,72,103]},{"area":4779,"iscrowd":0,"id":68,"image_id":68,"category_id":1,"segmentation":[[378,641,458,641,458,583,378,583]],"bbox":[378,583,81,59]},{"area":10478,"iscrowd":0,"id":69,"image_id":69,"category_id":1,"segmentation":[[300,361,389,443,446,381,357,299]],"bbox":[300,299,147,145]},{"area":15754,"iscrowd":0,"id":70,"image_id":71,"category_id":1,"segmentation":[[215,591,365,580,357,477,207,488]],"bbox":[207,477,159,115]},{"area":32678,"iscrowd":0,"id":71,"image_id":72,"category_id":1,"segmentation":[[245,803,493,799,491,669,243,673]],"bbox":[243,669,251,135]},{"area":15819,"iscrowd":0,"id":72,"image_id":73,"category_id":1,"segmentation":[[373,899,533,908,539,811,379,802]],"bbox":[373,802,167,107]},{"area":36781,"iscrowd":0,"id":73,"image_id":74,"category_id":1,"segmentation":[[472,817,699,825,707,662,485,657]],"bbox":[472,657,236,169]},{"area":16214,"iscrowd":0,"id":74,"image_id":75,"category_id":1,"segmentation":[[265,634,259,784,366,788,370,638]],"bbox":[259,634,112,155]},{"area":37790,"iscrowd":0,"id":75,"image_id":76,"category_id":1,"segmentation":[[40,24,48,186,272,183,280,25]],"bbox":[40,24,241,163]},{"area":40970,"iscrowd":0,"id":76,"image_id":77,"category_id":1,"segmentation":[[368,769,608,769,608,600,368,600]],"bbox":[368,600,241,170]},{"area":75095,"iscrowd":0,"id":77,"image_id":78,"category_id":1,"segmentation":[[525,934,849,919,839,690,515,705]],"bbox":[515,690,335,245]},{"area":48351,"iscrowd":0,"id":78,"image_id":79,"category_id":1,"segmentation":[[490,437,496,618,760,615,756,435]],"bbox":[490,435,271,184]},{"area":6572,"iscrowd":0,"id":79,"image_id":80,"category_id":1,"segmentation":[[412,322,407,388,503,397,508,331]],"bbox":[407,322,102,76]},{"area":13676,"iscrowd":0,"id":80,"image_id":81,"category_id":1,"segmentation":[[312,306,313,402,451,403,449,304]],"bbox":[312,304,140,100]},{"area":17282,"iscrowd":0,"id":81,"image_id":82,"category_id":1,"segmentation":[[272,430,268,539,424,546,427,437]],"bbox":[268,430,160,117]},{"area":10237,"iscrowd":0,"id":82,"image_id":83,"category_id":1,"segmentation":[[419,480,422,562,542,560,540,476]],"bbox":[419,476,124,87]},{"area":12448,"iscrowd":0,"id":83,"image_id":84,"category_id":1,"segmentation":[[48,171,51,261,183,261,182,168]],"bbox":[48,168,136,94]}],"categories":[{"name":"macbeth","id":1}]}