<annotation>
    <folder>img</folder>
    <filename>2013_rt_cover_brian_rogers_00001-mos.jpg</filename>
    <size>
        <width>766</width>
        <height>1022</height>
        <depth>3</depth>
    </size>
    <segmented>0</segmented>
    <object>
        <name>macbeth</name>
        <pose>Unspecified</pose>
        <truncated>0</truncated>
        <occluded>0</occluded>
        <difficult>0</difficult>
        <polygon>
            <x1>233</x1>
            <y1>362</y1>
            <x2>228</x2>
            <y2>434</y2>
            <x3>342</x3>
            <y3>431</y3>
            <x4>346</x4>
            <y4>360</y4>
        </polygon>
        <bndbox>
            <xmin>228</xmin>
            <ymin>360</ymin>
            <xmax>346</xmax>
            <ymax>434</ymax>
        </bndbox>
    </object>
</annotation>