<annotation>
    <folder>img</folder>
    <filename>2_associates_00002.jpg</filename>
    <size>
        <width>2000</width>
        <height>2670</height>
        <depth>3</depth>
    </size>
    <segmented>0</segmented>
    <object>
        <name>macbeth</name>
        <pose>Unspecified</pose>
        <truncated>0</truncated>
        <occluded>0</occluded>
        <difficult>0</difficult>
        <polygon>
            <x1>349</x1>
            <y1>1147</y1>
            <x2>358</x2>
            <y2>1491</y2>
            <x3>846</x3>
            <y3>1475</y3>
            <x4>834</x4>
            <y4>1138</y4>
        </polygon>
        <bndbox>
            <xmin>349</xmin>
            <ymin>1138</ymin>
            <xmax>846</xmax>
            <ymax>1491</ymax>
        </bndbox>
    </object>
</annotation>