<annotation>
    <folder>img</folder>
    <filename>8D5U5533_orig.jpg</filename>
    <size>
        <width>541</width>
        <height>813</height>
        <depth>3</depth>
    </size>
    <segmented>0</segmented>
    <object>
        <name>macbeth</name>
        <pose>Unspecified</pose>
        <truncated>0</truncated>
        <occluded>0</occluded>
        <difficult>0</difficult>
        <polygon>
            <x1>66</x1>
            <y1>497</y1>
            <x2>347</x2>
            <y2>491</y2>
            <x3>380</x3>
            <y3>680</y3>
            <x4>64</x4>
            <y4>687</y4>
        </polygon>
        <bndbox>
            <xmin>64</xmin>
            <ymin>491</ymin>
            <xmax>380</xmax>
            <ymax>687</ymax>
        </bndbox>
    </object>
</annotation>