<annotation>
    <folder>img</folder>
    <filename>8D5U5545_orig.jpg</filename>
    <size>
        <width>813</width>
        <height>541</height>
        <depth>3</depth>
    </size>
    <segmented>0</segmented>
    <object>
        <name>macbeth</name>
        <pose>Unspecified</pose>
        <truncated>0</truncated>
        <occluded>0</occluded>
        <difficult>0</difficult>
        <polygon>
            <x1>107</x1>
            <y1>260</y1>
            <x2>432</x2>
            <y2>288</y2>
            <x3>416</x3>
            <y3>549</y3>
            <x4>86</x4>
            <y4>520</y4>
        </polygon>
        <bndbox>
            <xmin>86</xmin>
            <ymin>260</ymin>
            <xmax>432</xmax>
            <ymax>549</ymax>
        </bndbox>
    </object>
</annotation>