<annotation>
    <folder>img</folder>
    <filename>8D5U5611_orig.jpg</filename>
    <size>
        <width>813</width>
        <height>541</height>
        <depth>3</depth>
    </size>
    <segmented>0</segmented>
    <object>
        <name>macbeth</name>
        <pose>Unspecified</pose>
        <truncated>0</truncated>
        <occluded>0</occluded>
        <difficult>0</difficult>
        <polygon>
            <x1>82</x1>
            <y1>313</y1>
            <x2>222</x2>
            <y2>289</y2>
            <x3>238</x3>
            <y3>391</y3>
            <x4>98</x4>
            <y4>421</y4>
        </polygon>
        <bndbox>
            <xmin>82</xmin>
            <ymin>289</ymin>
            <xmax>238</xmax>
            <ymax>421</ymax>
        </bndbox>
    </object>
</annotation>