<annotation>
    <folder>img</folder>
    <filename>ARMAFC.jpg</filename>
    <size>
        <width>1300</width>
        <height>955</height>
        <depth>3</depth>
    </size>
    <segmented>0</segmented>
    <object>
        <name>macbeth</name>
        <pose>Unspecified</pose>
        <truncated>0</truncated>
        <occluded>0</occluded>
        <difficult>0</difficult>
        <polygon>
            <x1>197</x1>
            <y1>142</y1>
            <x2>182</x2>
            <y2>744</y2>
            <x3>1050</x3>
            <y3>757</y3>
            <x4>1053</x4>
            <y4>157</y4>
        </polygon>
        <bndbox>
            <xmin>182</xmin>
            <ymin>142</ymin>
            <xmax>1053</xmax>
            <ymax>757</ymax>
        </bndbox>
    </object>
</annotation>