<annotation>
    <folder>img</folder>
    <filename>bob_amsterdam_00052.jpg</filename>
    <size>
        <width>766</width>
        <height>1022</height>
        <depth>3</depth>
    </size>
    <segmented>0</segmented>
    <object>
        <name>macbeth</name>
        <pose>Unspecified</pose>
        <truncated>0</truncated>
        <occluded>0</occluded>
        <difficult>0</difficult>
        <polygon>
            <x1>446</x1>
            <y1>484</y1>
            <x2>592</x2>
            <y2>477</y2>
            <x3>598</x3>
            <y3>684</y3>
            <x4>454</x4>
            <y4>689</y4>
        </polygon>
        <bndbox>
            <xmin>446</xmin>
            <ymin>477</ymin>
            <xmax>598</xmax>
            <ymax>689</ymax>
        </bndbox>
    </object>
</annotation>