<annotation>
    <folder>img</folder>
    <filename>bobby_flay_00254.jpg</filename>
    <size>
        <width>1538</width>
        <height>1152</height>
        <depth>3</depth>
    </size>
    <segmented>0</segmented>
    <object>
        <name>macbeth</name>
        <pose>Unspecified</pose>
        <truncated>0</truncated>
        <occluded>0</occluded>
        <difficult>0</difficult>
        <polygon>
            <x1>900</x1>
            <y1>485</y1>
            <x2>1027</x2>
            <y2>483</y2>
            <x3>1029</x3>
            <y3>572</y3>
            <x4>902</x4>
            <y4>574</y4>
        </polygon>
        <bndbox>
            <xmin>900</xmin>
            <ymin>483</ymin>
            <xmax>1029</xmax>
            <ymax>574</ymax>
        </bndbox>
    </object>
</annotation>