<annotation>
    <folder>img</folder>
    <filename>bobby_flay_00217.jpg</filename>
    <size>
        <width>1538</width>
        <height>1152</height>
        <depth>3</depth>
    </size>
    <segmented>0</segmented>
    <object>
        <name>macbeth</name>
        <pose>Unspecified</pose>
        <truncated>0</truncated>
        <occluded>0</occluded>
        <difficult>0</difficult>
        <polygon>
            <x1>682</x1>
            <y1>529</y1>
            <x2>776</x2>
            <y2>519</y2>
            <x3>782</x3>
            <y3>587</y3>
            <x4>686</x4>
            <y4>596</y4>
        </polygon>
        <bndbox>
            <xmin>682</xmin>
            <ymin>519</ymin>
            <xmax>782</xmax>
            <ymax>596</ymax>
        </bndbox>
    </object>
</annotation>