<annotation>
    <folder>img</folder>
    <filename>brendan_haircut_00001.jpg</filename>
    <size>
        <width>1152</width>
        <height>1538</height>
        <depth>3</depth>
    </size>
    <segmented>0</segmented>
    <object>
        <name>macbeth</name>
        <pose>Unspecified</pose>
        <truncated>0</truncated>
        <occluded>0</occluded>
        <difficult>0</difficult>
        <polygon>
            <x1>306</x1>
            <y1>921</y1>
            <x2>762</x2>
            <y2>917</y2>
            <x3>767</x3>
            <y3>1234</y3>
            <x4>307</x4>
            <y4>1241</y4>
        </polygon>
        <bndbox>
            <xmin>306</xmin>
            <ymin>917</ymin>
            <xmax>767</xmax>
            <ymax>1241</ymax>
        </bndbox>
    </object>
</annotation>