<annotation>
    <folder>img</folder>
    <filename>bts1.jpg</filename>
    <size>
        <width>1440</width>
        <height>1080</height>
        <depth>3</depth>
    </size>
    <segmented>0</segmented>
    <object>
        <name>macbeth</name>
        <pose>Unspecified</pose>
        <truncated>0</truncated>
        <occluded>0</occluded>
        <difficult>0</difficult>
        <polygon>
            <x1>1041</x1>
            <y1>387</y1>
            <x2>1496</x2>
            <y2>654</y2>
            <x3>1367</x3>
            <y3>961</y3>
            <x4>854</x4>
            <y4>652</y4>
        </polygon>
        <bndbox>
            <xmin>854</xmin>
            <ymin>387</ymin>
            <xmax>1496</xmax>
            <ymax>961</ymax>
        </bndbox>
    </object>
</annotation>