<annotation>
    <folder>img</folder>
    <filename>catherine_mary_stewart_00331-mos.jpg</filename>
    <size>
        <width>1022</width>
        <height>766</height>
        <depth>3</depth>
    </size>
    <segmented>0</segmented>
    <object>
        <name>macbeth</name>
        <pose>Unspecified</pose>
        <truncated>0</truncated>
        <occluded>0</occluded>
        <difficult>0</difficult>
        <polygon>
            <x1>410</x1>
            <y1>726</y1>
            <x2>372</x2>
            <y2>637</y2>
            <x3>236</x3>
            <y3>721</y3>
            <x4>261</x4>
            <y4>800</y4>
        </polygon>
        <bndbox>
            <xmin>236</xmin>
            <ymin>637</ymin>
            <xmax>410</xmax>
            <ymax>800</ymax>
        </bndbox>
    </object>
</annotation>