<annotation>
    <folder>img</folder>
    <filename>catherine_mary_stewart_00461.jpg</filename>
    <size>
        <width>1123</width>
        <height>1500</height>
        <depth>3</depth>
    </size>
    <segmented>0</segmented>
    <object>
        <name>macbeth</name>
        <pose>Unspecified</pose>
        <truncated>0</truncated>
        <occluded>0</occluded>
        <difficult>0</difficult>
        <polygon>
            <x1>694</x1>
            <y1>581</y1>
            <x2>696</x2>
            <y2>726</y2>
            <x3>907</x3>
            <y3>723</y3>
            <x4>905</x4>
            <y4>574</y4>
        </polygon>
        <bndbox>
            <xmin>694</xmin>
            <ymin>574</ymin>
            <xmax>907</xmax>
            <ymax>726</ymax>
        </bndbox>
    </object>
</annotation>