<annotation>
    <folder>img</folder>
    <filename>deb1.jpg</filename>
    <size>
        <width>312</width>
        <height>371</height>
        <depth>3</depth>
    </size>
    <segmented>0</segmented>
    <object>
        <name>macbeth</name>
        <pose>Unspecified</pose>
        <truncated>0</truncated>
        <occluded>0</occluded>
        <difficult>0</difficult>
        <polygon>
            <x1>142</x1>
            <y1>153</y1>
            <x2>140</x2>
            <y2>243</y2>
            <x3>283</x3>
            <y3>231</y3>
            <x4>276</x4>
            <y4>139</y4>
        </polygon>
        <bndbox>
            <xmin>140</xmin>
            <ymin>139</ymin>
            <xmax>283</xmax>
            <ymax>243</ymax>
        </bndbox>
    </object>
</annotation>