<annotation>
    <folder>img</folder>
    <filename>IMG_1328.jpg</filename>
    <size>
        <width>4032</width>
        <height>3024</height>
        <depth>3</depth>
    </size>
    <segmented>0</segmented>
    <object>
        <name>macbeth</name>
        <pose>Unspecified</pose>
        <truncated>0</truncated>
        <occluded>0</occluded>
        <difficult>0</difficult>
        <polygon>
            <x1>1928</x1>
            <y1>1331</y1>
            <x2>1899</x2>
            <y2>1443</y2>
            <x3>2351</x3>
            <y3>1622</y3>
            <x4>2388</x4>
            <y4>1407</y4>
        </polygon>
        <bndbox>
            <xmin>1899</xmin>
            <ymin>1331</ymin>
            <xmax>2388</xmax>
            <ymax>1622</ymax>
        </bndbox>
    </object>
</annotation>