<annotation>
    <folder>img</folder>
    <filename>IMG_1344.jpg</filename>
    <size>
        <width>3024</width>
        <height>4032</height>
        <depth>3</depth>
    </size>
    <segmented>0</segmented>
    <object>
        <name>macbeth</name>
        <pose>Unspecified</pose>
        <truncated>0</truncated>
        <occluded>0</occluded>
        <difficult>0</difficult>
        <polygon>
            <x1>1142</x1>
            <y1>1485</y1>
            <x2>1846</x2>
            <y2>1276</y2>
            <x3>2138</x3>
            <y3>2313</y3>
            <x4>1433</x4>
            <y4>2467</y4>
        </polygon>
        <bndbox>
            <xmin>1142</xmin>
            <ymin>1276</ymin>
            <xmax>2138</xmax>
            <ymax>2467</ymax>
        </bndbox>
    </object>
</annotation>