<annotation>
    <folder>img</folder>
    <filename>IMG_1333.jpg</filename>
    <size>
        <width>3024</width>
        <height>4032</height>
        <depth>3</depth>
    </size>
    <segmented>0</segmented>
    <object>
        <name>macbeth</name>
        <pose>Unspecified</pose>
        <truncated>0</truncated>
        <occluded>0</occluded>
        <difficult>0</difficult>
        <polygon>
            <x1>693</x1>
            <y1>2795</y1>
            <x2>2379</x2>
            <y2>2552</y2>
            <x3>1981</x3>
            <y3>343</y3>
            <x4>514</x4>
            <y4>716</y4>
        </polygon>
        <bndbox>
            <xmin>514</xmin>
            <ymin>343</ymin>
            <xmax>2379</xmax>
            <ymax>2795</ymax>
        </bndbox>
    </object>
</annotation>