<annotation>
    <folder>img</folder>
    <filename>IMG_1337.jpg</filename>
    <size>
        <width>3024</width>
        <height>4032</height>
        <depth>3</depth>
    </size>
    <segmented>0</segmented>
    <object>
        <name>macbeth</name>
        <pose>Unspecified</pose>
        <truncated>0</truncated>
        <occluded>0</occluded>
        <difficult>0</difficult>
        <polygon>
            <x1>885</x1>
            <y1>1522</y1>
            <x2>955</x2>
            <y2>2178</y2>
            <x3>1956</x3>
            <y3>2201</y3>
            <x4>2007</x4>
            <y4>1513</y4>
        </polygon>
        <bndbox>
            <xmin>885</xmin>
            <ymin>1513</ymin>
            <xmax>2007</xmax>
            <ymax>2201</ymax>
        </bndbox>
    </object>
</annotation>