<annotation>
    <folder>img</folder>
    <filename>IMG_1339.jpg</filename>
    <size>
        <width>3024</width>
        <height>4032</height>
        <depth>3</depth>
    </size>
    <segmented>0</segmented>
    <object>
        <name>macbeth</name>
        <pose>Unspecified</pose>
        <truncated>0</truncated>
        <occluded>0</occluded>
        <difficult>0</difficult>
        <polygon>
            <x1>804</x1>
            <y1>690</y1>
            <x2>1194</x2>
            <y2>1530</y2>
            <x3>2103</x3>
            <y3>1750</y3>
            <x4>1800</x4>
            <y4>572</y4>
        </polygon>
        <bndbox>
            <xmin>804</xmin>
            <ymin>572</ymin>
            <xmax>2103</xmax>
            <ymax>1750</ymax>
        </bndbox>
    </object>
</annotation>