<annotation>
    <folder>img</folder>
    <filename>IMG_1341.jpg</filename>
    <size>
        <width>3024</width>
        <height>4032</height>
        <depth>3</depth>
    </size>
    <segmented>0</segmented>
    <object>
        <name>macbeth</name>
        <pose>Unspecified</pose>
        <truncated>0</truncated>
        <occluded>0</occluded>
        <difficult>0</difficult>
        <polygon>
            <x1>946</x1>
            <y1>1400</y1>
            <x2>1001</x2>
            <y2>2249</y2>
            <x3>2205</x3>
            <y3>2201</y3>
            <x4>2150</x4>
            <y4>1248</y4>
        </polygon>
        <bndbox>
            <xmin>946</xmin>
            <ymin>1248</ymin>
            <xmax>2205</xmax>
            <ymax>2249</ymax>
        </bndbox>
    </object>
</annotation>