<annotation>
    <folder>img</folder>
    <filename>IMG_1327.jpg</filename>
    <size>
        <width>3024</width>
        <height>4032</height>
        <depth>3</depth>
    </size>
    <segmented>0</segmented>
    <object>
        <name>macbeth</name>
        <pose>Unspecified</pose>
        <truncated>0</truncated>
        <occluded>0</occluded>
        <difficult>0</difficult>
        <polygon>
            <x1>800</x1>
            <y1>1165</y1>
            <x2>842</x2>
            <y2>1228</y2>
            <x3>1175</x3>
            <y3>1208</y3>
            <x4>1115</x4>
            <y4>1157</y4>
        </polygon>
        <bndbox>
            <xmin>800</xmin>
            <ymin>1157</ymin>
            <xmax>1175</xmax>
            <ymax>1228</ymax>
        </bndbox>
    </object>
</annotation>