<annotation>
    <folder>img</folder>
    <filename>IMG_1322.jpg</filename>
    <size>
        <width>3024</width>
        <height>4032</height>
        <depth>3</depth>
    </size>
    <segmented>0</segmented>
    <object>
        <name>macbeth</name>
        <pose>Unspecified</pose>
        <truncated>0</truncated>
        <occluded>0</occluded>
        <difficult>0</difficult>
        <polygon>
            <x1>813</x1>
            <y1>537</y1>
            <x2>1237</x2>
            <y2>1724</y2>
            <x3>2775</x3>
            <y3>1236</y3>
            <x4>1923</x4>
            <y4>176</y4>
        </polygon>
        <bndbox>
            <xmin>813</xmin>
            <ymin>176</ymin>
            <xmax>2775</xmax>
            <ymax>1724</ymax>
        </bndbox>
    </object>
</annotation>