<annotation>
    <folder>img</folder>
    <filename>IMG_1347.jpg</filename>
    <size>
        <width>3024</width>
        <height>4032</height>
        <depth>3</depth>
    </size>
    <segmented>0</segmented>
    <object>
        <name>macbeth</name>
        <pose>Unspecified</pose>
        <truncated>0</truncated>
        <occluded>0</occluded>
        <difficult>0</difficult>
        <polygon>
            <x1>1657</x1>
            <y1>1131</y1>
            <x2>1235</x2>
            <y2>2643</y2>
            <x3>2330</x3>
            <y3>2914</y3>
            <x4>2689</x4>
            <y4>1402</y4>
        </polygon>
        <bndbox>
            <xmin>1235</xmin>
            <ymin>1131</ymin>
            <xmax>2689</xmax>
            <ymax>2914</ymax>
        </bndbox>
    </object>
</annotation>