<annotation>
    <folder>img</folder>
    <filename>IMG_1323.jpg</filename>
    <size>
        <width>3024</width>
        <height>4032</height>
        <depth>3</depth>
    </size>
    <segmented>0</segmented>
    <object>
        <name>macbeth</name>
        <pose>Unspecified</pose>
        <truncated>0</truncated>
        <occluded>0</occluded>
        <difficult>0</difficult>
        <polygon>
            <x1>1009</x1>
            <y1>1935</y1>
            <x2>1162</x2>
            <y2>2268</y2>
            <x3>1868</x3>
            <y3>2129</y3>
            <x4>1650</x4>
            <y4>1839</y4>
        </polygon>
        <bndbox>
            <xmin>1009</xmin>
            <ymin>1839</ymin>
            <xmax>1868</xmax>
            <ymax>2268</ymax>
        </bndbox>
    </object>
</annotation>