<annotation>
    <folder>img</folder>
    <filename>IMG_1349.jpg</filename>
    <size>
        <width>3024</width>
        <height>4032</height>
        <depth>3</depth>
    </size>
    <segmented>0</segmented>
    <object>
        <name>macbeth</name>
        <pose>Unspecified</pose>
        <truncated>0</truncated>
        <occluded>0</occluded>
        <difficult>0</difficult>
        <polygon>
            <x1>1842</x1>
            <y1>1534</y1>
            <x2>2371</x2>
            <y2>1556</y2>
            <x3>2348</x3>
            <y3>2437</y3>
            <x4>1831</x4>
            <y4>2322</y4>
        </polygon>
        <bndbox>
            <xmin>1831</xmin>
            <ymin>1534</ymin>
            <xmax>2371</xmax>
            <ymax>2437</ymax>
        </bndbox>
    </object>
</annotation>