<annotation>
    <folder>img</folder>
    <filename>IMG_1329.jpg</filename>
    <size>
        <width>4032</width>
        <height>3024</height>
        <depth>3</depth>
    </size>
    <segmented>0</segmented>
    <object>
        <name>macbeth</name>
        <pose>Unspecified</pose>
        <truncated>0</truncated>
        <occluded>0</occluded>
        <difficult>0</difficult>
        <polygon>
            <x1>1749</x1>
            <y1>2382</y1>
            <x2>1795</x2>
            <y2>2719</y2>
            <x3>2134</x3>
            <y3>2727</y3>
            <x4>2432</x4>
            <y4>2665</y4>
            <x5>2322</x5>
            <y5>2264</y5>
        </polygon>
        <bndbox>
            <xmin>1749</xmin>
            <ymin>2264</ymin>
            <xmax>2432</xmax>
            <ymax>2727</ymax>
        </bndbox>
    </object>
</annotation>