<annotation>
    <folder>img</folder>
    <filename>IMG_1309 2.jpg</filename>
    <size>
        <width>3024</width>
        <height>4032</height>
        <depth>3</depth>
    </size>
    <segmented>0</segmented>
    <object>
        <name>macbeth</name>
        <pose>Unspecified</pose>
        <truncated>0</truncated>
        <occluded>0</occluded>
        <difficult>0</difficult>
        <polygon>
            <x1>310</x1>
            <y1>1832</y1>
            <x2>1315</x2>
            <y2>2945</y2>
            <x3>2877</x3>
            <y3>1415</y3>
            <x4>1809</x4>
            <y4>418</y4>
        </polygon>
        <bndbox>
            <xmin>310</xmin>
            <ymin>418</ymin>
            <xmax>2877</xmax>
            <ymax>2945</ymax>
        </bndbox>
    </object>
</annotation>