<annotation>
    <folder>img</folder>
    <filename>IMG_1312.jpg</filename>
    <size>
        <width>3024</width>
        <height>4032</height>
        <depth>3</depth>
    </size>
    <segmented>0</segmented>
    <object>
        <name>macbeth</name>
        <pose>Unspecified</pose>
        <truncated>0</truncated>
        <occluded>0</occluded>
        <difficult>0</difficult>
        <polygon>
            <x1>1798</x1>
            <y1>1181</y1>
            <x2>2314</x2>
            <y2>1957</y2>
            <x3>1220</x3>
            <y3>2699</y3>
            <x4>686</x4>
            <y4>1928</y4>
        </polygon>
        <bndbox>
            <xmin>686</xmin>
            <ymin>1181</ymin>
            <xmax>2314</xmax>
            <ymax>2699</ymax>
        </bndbox>
    </object>
</annotation>