<annotation>
    <folder>img</folder>
    <filename>IMG_1335.jpg</filename>
    <size>
        <width>3024</width>
        <height>4032</height>
        <depth>3</depth>
    </size>
    <segmented>0</segmented>
    <object>
        <name>macbeth</name>
        <pose>Unspecified</pose>
        <truncated>0</truncated>
        <occluded>0</occluded>
        <difficult>0</difficult>
        <polygon>
            <x1>924</x1>
            <y1>1896</y1>
            <x2>821</x2>
            <y2>2653</y2>
            <x3>2372</x3>
            <y3>2607</y3>
            <x4>2161</x4>
            <y4>1867</y4>
        </polygon>
        <bndbox>
            <xmin>821</xmin>
            <ymin>1867</ymin>
            <xmax>2372</xmax>
            <ymax>2653</ymax>
        </bndbox>
    </object>
</annotation>