<annotation>
    <folder>img</folder>
    <filename>IMG_1338.jpg</filename>
    <size>
        <width>3024</width>
        <height>4032</height>
        <depth>3</depth>
    </size>
    <segmented>0</segmented>
    <object>
        <name>macbeth</name>
        <pose>Unspecified</pose>
        <truncated>0</truncated>
        <occluded>0</occluded>
        <difficult>0</difficult>
        <polygon>
            <x1>922</x1>
            <y1>2006</y1>
            <x2>1124</x2>
            <y2>2649</y2>
            <x3>1803</x3>
            <y3>3062</y3>
            <x4>1674</x4>
            <y4>2168</y4>
        </polygon>
        <bndbox>
            <xmin>922</xmin>
            <ymin>2006</ymin>
            <xmax>1803</xmax>
            <ymax>3062</ymax>
        </bndbox>
    </object>
</annotation>