<annotation>
    <folder>img</folder>
    <filename>IMG_1314.jpg</filename>
    <size>
        <width>4032</width>
        <height>3024</height>
        <depth>3</depth>
    </size>
    <segmented>0</segmented>
    <object>
        <name>macbeth</name>
        <pose>Unspecified</pose>
        <truncated>0</truncated>
        <occluded>0</occluded>
        <difficult>0</difficult>
        <polygon>
            <x1>1544</x1>
            <y1>550</y1>
            <x2>1184</x2>
            <y2>1722</y2>
            <x3>3882</x3>
            <y3>2008</y3>
            <x4>3533</x4>
            <y4>791</y4>
        </polygon>
        <bndbox>
            <xmin>1184</xmin>
            <ymin>550</ymin>
            <xmax>3882</xmax>
            <ymax>2008</ymax>
        </bndbox>
    </object>
</annotation>