<annotation>
    <folder>img</folder>
    <filename>IMG_0750_orig.jpg</filename>
    <size>
        <width>874</width>
        <height>583</height>
        <depth>3</depth>
    </size>
    <segmented>0</segmented>
    <object>
        <name>macbeth</name>
        <pose>Unspecified</pose>
        <truncated>0</truncated>
        <occluded>0</occluded>
        <difficult>0</difficult>
        <polygon>
            <x1>734</x1>
            <y1>379</y1>
            <x2>719</x2>
            <y2>437</y2>
            <x3>814</x3>
            <y3>464</y3>
            <x4>826</x4>
            <y4>403</y4>
        </polygon>
        <bndbox>
            <xmin>719</xmin>
            <ymin>379</ymin>
            <xmax>826</xmax>
            <ymax>464</ymax>
        </bndbox>
    </object>
</annotation>