<annotation>
    <folder>img</folder>
    <filename>IMG_1316.jpg</filename>
    <size>
        <width>3024</width>
        <height>4032</height>
        <depth>3</depth>
    </size>
    <segmented>0</segmented>
    <object>
        <name>macbeth</name>
        <pose>Unspecified</pose>
        <truncated>0</truncated>
        <occluded>0</occluded>
        <difficult>0</difficult>
        <polygon>
            <x1>1604</x1>
            <y1>284</y1>
            <x2>2187</x2>
            <y2>105</y2>
            <x3>2375</x3>
            <y3>1407</y3>
            <x4>1991</x4>
            <y4>1796</y4>
        </polygon>
        <bndbox>
            <xmin>1604</xmin>
            <ymin>105</ymin>
            <xmax>2375</xmax>
            <ymax>1796</ymax>
        </bndbox>
    </object>
</annotation>