<annotation>
    <folder>img</folder>
    <filename>IMG_1318.jpg</filename>
    <size>
        <width>4032</width>
        <height>3024</height>
        <depth>3</depth>
    </size>
    <segmented>0</segmented>
    <object>
        <name>macbeth</name>
        <pose>Unspecified</pose>
        <truncated>0</truncated>
        <occluded>0</occluded>
        <difficult>0</difficult>
        <polygon>
            <x1>1248</x1>
            <y1>788</y1>
            <x2>2147</x2>
            <y2>803</y2>
            <x3>2114</x3>
            <y3>2037</y3>
            <x4>1273</x4>
            <y4>2033</y4>
        </polygon>
        <bndbox>
            <xmin>1248</xmin>
            <ymin>788</ymin>
            <xmax>2147</xmax>
            <ymax>2037</ymax>
        </bndbox>
    </object>
</annotation>