<annotation>
    <folder>img</folder>
    <filename>IMG_0481_orig.jpg</filename>
    <size>
        <width>874</width>
        <height>583</height>
        <depth>3</depth>
    </size>
    <segmented>0</segmented>
    <object>
        <name>macbeth</name>
        <pose>Unspecified</pose>
        <truncated>0</truncated>
        <occluded>0</occluded>
        <difficult>0</difficult>
        <polygon>
            <x1>105</x1>
            <y1>427</y1>
            <x2>102</x2>
            <y2>509</y2>
            <x3>261</x3>
            <y3>507</y3>
            <x4>246</x4>
            <y4>433</y4>
        </polygon>
        <bndbox>
            <xmin>102</xmin>
            <ymin>427</ymin>
            <xmax>261</xmax>
            <ymax>509</ymax>
        </bndbox>
    </object>
</annotation>