<annotation>
    <folder>img</folder>
    <filename>IMG_1315.jpg</filename>
    <size>
        <width>3024</width>
        <height>4032</height>
        <depth>3</depth>
    </size>
    <segmented>0</segmented>
    <object>
        <name>macbeth</name>
        <pose>Unspecified</pose>
        <truncated>0</truncated>
        <occluded>0</occluded>
        <difficult>0</difficult>
        <polygon>
            <x1>1478</x1>
            <y1>984</y1>
            <x2>1949</x2>
            <y2>2806</y2>
            <x3>2350</x3>
            <y3>2249</y3>
            <x4>2103</x4>
            <y4>825</y4>
        </polygon>
        <bndbox>
            <xmin>1478</xmin>
            <ymin>825</ymin>
            <xmax>2350</xmax>
            <ymax>2806</ymax>
        </bndbox>
    </object>
</annotation>