<annotation>
    <folder>img</folder>
    <filename>IMG_1325.jpg</filename>
    <size>
        <width>3024</width>
        <height>4032</height>
        <depth>3</depth>
    </size>
    <segmented>0</segmented>
    <object>
        <name>macbeth</name>
        <pose>Unspecified</pose>
        <truncated>0</truncated>
        <occluded>0</occluded>
        <difficult>0</difficult>
        <polygon>
            <x1>1807</x1>
            <y1>1833</y1>
            <x2>1839</x2>
            <y2>1926</y2>
            <x3>2185</x3>
            <y3>1903</y3>
            <x4>2129</x4>
            <y4>1816</y4>
        </polygon>
        <bndbox>
            <xmin>1807</xmin>
            <ymin>1816</ymin>
            <xmax>2185</xmax>
            <ymax>1926</ymax>
        </bndbox>
    </object>
</annotation>