<annotation>
    <folder>img</folder>
    <filename>IMG_1319.jpg</filename>
    <size>
        <width>3024</width>
        <height>4032</height>
        <depth>3</depth>
    </size>
    <segmented>0</segmented>
    <object>
        <name>macbeth</name>
        <pose>Unspecified</pose>
        <truncated>0</truncated>
        <occluded>0</occluded>
        <difficult>0</difficult>
        <polygon>
            <x1>1961</x1>
            <y1>1554</y1>
            <x2>1905</x2>
            <y2>2039</y2>
            <x3>2514</x3>
            <y3>2127</y3>
            <x4>2481</x4>
            <y4>1597</y4>
        </polygon>
        <bndbox>
            <xmin>1905</xmin>
            <ymin>1554</ymin>
            <xmax>2514</xmax>
            <ymax>2127</ymax>
        </bndbox>
    </object>
</annotation>