<annotation>
    <folder>img</folder>
    <filename>img_0172.jpg</filename>
    <size>
        <width>1440</width>
        <height>1080</height>
        <depth>3</depth>
    </size>
    <segmented>0</segmented>
    <object>
        <name>macbeth</name>
        <pose>Unspecified</pose>
        <truncated>0</truncated>
        <occluded>0</occluded>
        <difficult>0</difficult>
        <polygon>
            <x1>1069</x1>
            <y1>380</y1>
            <x2>946</x2>
            <y2>664</y2>
            <x3>1235</x3>
            <y3>844</y3>
            <x4>1400</x4>
            <y4>453</y4>
        </polygon>
        <bndbox>
            <xmin>946</xmin>
            <ymin>380</ymin>
            <xmax>1400</xmax>
            <ymax>844</ymax>
        </bndbox>
    </object>
</annotation>