<annotation>
    <folder>img</folder>
    <filename>IMG_1331.jpg</filename>
    <size>
        <width>3024</width>
        <height>4032</height>
        <depth>3</depth>
    </size>
    <segmented>0</segmented>
    <object>
        <name>macbeth</name>
        <pose>Unspecified</pose>
        <truncated>0</truncated>
        <occluded>0</occluded>
        <difficult>0</difficult>
        <polygon>
            <x1>1470</x1>
            <y1>1756</y1>
            <x2>776</x2>
            <y2>2396</y2>
            <x3>2149</x3>
            <y3>3268</y3>
            <x4>2754</x4>
            <y4>2342</y4>
        </polygon>
        <bndbox>
            <xmin>776</xmin>
            <ymin>1756</ymin>
            <xmax>2754</xmax>
            <ymax>3268</ymax>
        </bndbox>
    </object>
</annotation>