<annotation>
    <folder>img</folder>
    <filename>IMG_1340.jpg</filename>
    <size>
        <width>3024</width>
        <height>4032</height>
        <depth>3</depth>
    </size>
    <segmented>0</segmented>
    <object>
        <name>macbeth</name>
        <pose>Unspecified</pose>
        <truncated>0</truncated>
        <occluded>0</occluded>
        <difficult>0</difficult>
        <polygon>
            <x1>1557</x1>
            <y1>1649</y1>
            <x2>1541</x2>
            <y2>2307</y2>
            <x3>2056</x3>
            <y3>2080</y3>
            <x4>2082</x4>
            <y4>1504</y4>
        </polygon>
        <bndbox>
            <xmin>1541</xmin>
            <ymin>1504</ymin>
            <xmax>2082</xmax>
            <ymax>2307</ymax>
        </bndbox>
    </object>
</annotation>