<annotation>
    <folder>img</folder>
    <filename>IMG_0475_orig.jpg</filename>
    <size>
        <width>877</width>
        <height>584</height>
        <depth>3</depth>
    </size>
    <segmented>0</segmented>
    <object>
        <name>macbeth</name>
        <pose>Unspecified</pose>
        <truncated>0</truncated>
        <occluded>0</occluded>
        <difficult>0</difficult>
        <polygon>
            <x1>761</x1>
            <y1>353</y1>
            <x2>841</x2>
            <y2>411</y2>
            <x3>719</x3>
            <y3>522</y3>
            <x4>652</x4>
            <y4>449</y4>
        </polygon>
        <bndbox>
            <xmin>652</xmin>
            <ymin>353</ymin>
            <xmax>841</xmax>
            <ymax>522</ymax>
        </bndbox>
    </object>
</annotation>