<annotation>
    <folder>img</folder>
    <filename>IMG_0341_orig.jpg</filename>
    <size>
        <width>874</width>
        <height>583</height>
        <depth>3</depth>
    </size>
    <segmented>0</segmented>
    <object>
        <name>macbeth</name>
        <pose>Unspecified</pose>
        <truncated>0</truncated>
        <occluded>0</occluded>
        <difficult>0</difficult>
        <polygon>
            <x1>696</x1>
            <y1>191</y1>
            <x2>670</x2>
            <y2>247</y2>
            <x3>760</x3>
            <y3>268</y3>
            <x4>786</x4>
            <y4>208</y4>
        </polygon>
        <bndbox>
            <xmin>670</xmin>
            <ymin>191</ymin>
            <xmax>786</xmax>
            <ymax>268</ymax>
        </bndbox>
    </object>
</annotation>