<annotation>
    <folder>img</folder>
    <filename>IMG_1321.jpg</filename>
    <size>
        <width>3024</width>
        <height>4032</height>
        <depth>3</depth>
    </size>
    <segmented>0</segmented>
    <object>
        <name>macbeth</name>
        <pose>Unspecified</pose>
        <truncated>0</truncated>
        <occluded>0</occluded>
        <difficult>0</difficult>
        <polygon>
            <x1>1345</x1>
            <y1>1047</y1>
            <x2>2004</x2>
            <y2>982</y2>
            <x3>2187</x3>
            <y3>1402</y3>
            <x4>1308</x4>
            <y4>1445</y4>
        </polygon>
        <bndbox>
            <xmin>1308</xmin>
            <ymin>982</ymin>
            <xmax>2187</xmax>
            <ymax>1445</ymax>
        </bndbox>
    </object>
</annotation>