<annotation>
    <folder>img</folder>
    <filename>IMG_1334.jpg</filename>
    <size>
        <width>3024</width>
        <height>4032</height>
        <depth>3</depth>
    </size>
    <segmented>0</segmented>
    <object>
        <name>macbeth</name>
        <pose>Unspecified</pose>
        <truncated>0</truncated>
        <occluded>0</occluded>
        <difficult>0</difficult>
        <polygon>
            <x1>511</x1>
            <y1>882</y1>
            <x2>1068</x2>
            <y2>1720</y2>
            <x3>2923</x3>
            <y3>1036</y3>
            <x4>2073</x4>
            <y4>532</y4>
        </polygon>
        <bndbox>
            <xmin>511</xmin>
            <ymin>532</ymin>
            <xmax>2923</xmax>
            <ymax>1720</ymax>
        </bndbox>
    </object>
</annotation>