<annotation>
    <folder>img</folder>
    <filename>IMG_1326.jpg</filename>
    <size>
        <width>3024</width>
        <height>4032</height>
        <depth>3</depth>
    </size>
    <segmented>0</segmented>
    <object>
        <name>macbeth</name>
        <pose>Unspecified</pose>
        <truncated>0</truncated>
        <occluded>0</occluded>
        <difficult>0</difficult>
        <polygon>
            <x1>1285</x1>
            <y1>1565</y1>
            <x2>1367</x2>
            <y2>1740</y2>
            <x3>1989</x3>
            <y3>1662</y3>
            <x4>1862</x4>
            <y4>1515</y4>
        </polygon>
        <bndbox>
            <xmin>1285</xmin>
            <ymin>1515</ymin>
            <xmax>1989</xmax>
            <ymax>1740</ymax>
        </bndbox>
    </object>
</annotation>