<annotation>
    <folder>img</folder>
    <filename>jeff_kolitch_00097-mos.jpg</filename>
    <size>
        <width>766</width>
        <height>1022</height>
        <depth>3</depth>
    </size>
    <segmented>0</segmented>
    <object>
        <name>macbeth</name>
        <pose>Unspecified</pose>
        <truncated>0</truncated>
        <occluded>0</occluded>
        <difficult>0</difficult>
        <bndbox>
            <xmin>331</xmin>
            <ymin>420</ymin>
            <xmax>402</xmax>
            <ymax>522</ymax>
        </bndbox>
    </object>
</annotation>