<annotation>
    <folder>img</folder>
    <filename>kaztest_mg_0015.jpg</filename>
    <size>
        <width>864</width>
        <height>1296</height>
        <depth>3</depth>
    </size>
    <segmented>0</segmented>
    <object>
        <name>macbeth</name>
        <pose>Unspecified</pose>
        <truncated>0</truncated>
        <occluded>0</occluded>
        <difficult>0</difficult>
        <bndbox>
            <xmin>379</xmin>
            <ymin>584</ymin>
            <xmax>459</xmax>
            <ymax>642</ymax>
        </bndbox>
    </object>
</annotation>