<annotation>
    <folder>img</folder>
    <filename>kaztest.jpg</filename>
    <size>
        <width>720</width>
        <height>961</height>
        <depth>3</depth>
    </size>
    <segmented>0</segmented>
    <object>
        <name>macbeth</name>
        <pose>Unspecified</pose>
        <truncated>0</truncated>
        <occluded>0</occluded>
        <difficult>0</difficult>
        <rotated_box>
            <cx>374</cx>
            <cy>372</cy>
            <width>122</width>
            <height>85</height>
            <rot>5.541749</rot>
        </rotated_box>
        <polygon>
            <x1>301</x1>
            <y1>362</y1>
            <x2>391</x2>
            <y2>444</y2>
            <x3>448</x3>
            <y3>382</y3>
            <x4>358</x4>
            <y4>300</y4>
        </polygon>
        <bndbox>
            <xmin>301</xmin>
            <ymin>300</ymin>
            <xmax>448</xmax>
            <ymax>444</ymax>
        </bndbox>
    </object>
</annotation>