<annotation>
    <folder>img</folder>
    <filename>megan_rapinoe_mg_0100.jpg</filename>
    <size>
        <width>1001</width>
        <height>1500</height>
        <depth>3</depth>
    </size>
    <segmented>0</segmented>
    <object>
        <name>macbeth</name>
        <pose>Unspecified</pose>
        <truncated>0</truncated>
        <occluded>0</occluded>
        <difficult>0</difficult>
        <rotated_box>
            <cx>457</cx>
            <cy>856</cy>
            <width>161</width>
            <height>98</height>
            <rot>6.223731</rot>
        </rotated_box>
        <polygon>
            <x1>374</x1>
            <y1>900</y1>
            <x2>534</x2>
            <y2>910</y2>
            <x3>540</x3>
            <y3>813</y3>
            <x4>380</x4>
            <y4>804</y4>
        </polygon>
        <bndbox>
            <xmin>374</xmin>
            <ymin>804</ymin>
            <xmax>540</xmax>
            <ymax>910</ymax>
        </bndbox>
    </object>
</annotation>