<annotation>
    <folder>img</folder>
    <filename>megan_rapinoe_mg_0013.jpg</filename>
    <size>
        <width>864</width>
        <height>1295</height>
        <depth>3</depth>
    </size>
    <segmented>0</segmented>
    <object>
        <name>macbeth</name>
        <pose>Unspecified</pose>
        <truncated>0</truncated>
        <occluded>0</occluded>
        <difficult>0</difficult>
        <rotated_box>
            <cx>369</cx>
            <cy>737</cy>
            <width>249</width>
            <height>131</height>
            <rot>0.018002</rot>
        </rotated_box>
        <polygon>
            <x1>246</x1>
            <y1>804</y1>
            <x2>494</x2>
            <y2>800</y2>
            <x3>492</x3>
            <y3>670</y3>
            <x4>244</x4>
            <y4>674</y4>
        </polygon>
        <bndbox>
            <xmin>244</xmin>
            <ymin>670</ymin>
            <xmax>494</xmax>
            <ymax>804</ymax>
        </bndbox>
    </object>
</annotation>