<annotation>
    <folder>img</folder>
    <filename>megan_rapinoe_00023.jpg</filename>
    <size>
        <width>864</width>
        <height>1153</height>
        <depth>3</depth>
    </size>
    <segmented>0</segmented>
    <object>
        <name>macbeth</name>
        <pose>Unspecified</pose>
        <truncated>0</truncated>
        <occluded>0</occluded>
        <difficult>0</difficult>
        <rotated_box>
            <cx>287</cx>
            <cy>535</cy>
            <width>151</width>
            <height>104</height>
            <rot>0.075877</rot>
        </rotated_box>
        <polygon>
            <x1>216</x1>
            <y1>593</y1>
            <x2>366</x2>
            <y2>581</y2>
            <x3>358</x3>
            <y3>478</y3>
            <x4>208</x4>
            <y4>490</y4>
        </polygon>
        <bndbox>
            <xmin>208</xmin>
            <ymin>478</ymin>
            <xmax>366</xmax>
            <ymax>593</ymax>
        </bndbox>
    </object>
</annotation>