<annotation>
    <folder>img</folder>
    <filename>mg_0006.jpg</filename>
    <size>
        <width>1200</width>
        <height>1800</height>
        <depth>3</depth>
    </size>
    <segmented>0</segmented>
    <object>
        <name>macbeth</name>
        <pose>Unspecified</pose>
        <truncated>0</truncated>
        <occluded>0</occluded>
        <difficult>0</difficult>
        <polygon>
            <x1>473</x1>
            <y1>818</y1>
            <x2>700</x2>
            <y2>826</y2>
            <x3>708</x3>
            <y3>663</y3>
            <x4>486</x4>
            <y4>658</y4>
        </polygon>
        <bndbox>
            <xmin>473</xmin>
            <ymin>658</ymin>
            <xmax>708</xmax>
            <ymax>826</ymax>
        </bndbox>
    </object>
</annotation>