<annotation>
    <folder>img</folder>
    <filename>mg_0008.jpg</filename>
    <size>
        <width>1008</width>
        <height>1512</height>
        <depth>3</depth>
    </size>
    <segmented>0</segmented>
    <object>
        <name>macbeth</name>
        <pose>Unspecified</pose>
        <truncated>0</truncated>
        <occluded>0</occluded>
        <difficult>0</difficult>
        <polygon>
            <x1>266</x1>
            <y1>635</y1>
            <x2>260</x2>
            <y2>785</y2>
            <x3>367</x3>
            <y3>789</y3>
            <x4>371</x4>
            <y4>639</y4>
        </polygon>
        <bndbox>
            <xmin>260</xmin>
            <ymin>635</ymin>
            <xmax>371</xmax>
            <ymax>789</ymax>
        </bndbox>
    </object>
</annotation>