<annotation>
    <folder>img</folder>
    <filename>robert_benmosche_00011.jpg</filename>
    <size>
        <width>1498</width>
        <height>2000</height>
        <depth>3</depth>
    </size>
    <segmented>0</segmented>
    <object>
        <name>macbeth</name>
        <pose>Unspecified</pose>
        <truncated>0</truncated>
        <occluded>0</occluded>
        <difficult>0</difficult>
        <polygon>
            <x1>491</x1>
            <y1>438</y1>
            <x2>497</x2>
            <y2>619</y2>
            <x3>761</x3>
            <y3>616</y3>
            <x4>757</x4>
            <y4>436</y4>
        </polygon>
        <bndbox>
            <xmin>491</xmin>
            <ymin>436</ymin>
            <xmax>761</xmax>
            <ymax>619</ymax>
        </bndbox>
    </object>
</annotation>