<annotation>
    <folder>img</folder>
    <filename>sg11.jpg</filename>
    <size>
        <width>766</width>
        <height>1022</height>
        <depth>3</depth>
    </size>
    <segmented>0</segmented>
    <object>
        <name>macbeth</name>
        <pose>Unspecified</pose>
        <truncated>0</truncated>
        <occluded>0</occluded>
        <difficult>0</difficult>
        <polygon>
            <x1>313</x1>
            <y1>307</y1>
            <x2>314</x2>
            <y2>403</y2>
            <x3>452</x3>
            <y3>404</y3>
            <x4>450</x4>
            <y4>305</y4>
        </polygon>
        <bndbox>
            <xmin>313</xmin>
            <ymin>305</ymin>
            <xmax>452</xmax>
            <ymax>404</ymax>
        </bndbox>
    </object>
</annotation>