<annotation>
    <folder>img</folder>
    <filename>6associates_bluetest.jpg</filename>
    <size>
        <width>2000</width>
        <height>2671</height>
        <depth>3</depth>
    </size>
    <segmented>0</segmented>
    <object>
        <name>macbeth</name>
        <pose>Unspecified</pose>
        <truncated>0</truncated>
        <occluded>0</occluded>
        <difficult>0</difficult>
        <bndbox>
            <xmin>930</xmin>
            <ymin>1679</ymin>
            <xmax>1161</xmax>
            <ymax>1843</ymax>
        </bndbox>
    </object>
</annotation>