<annotation>
    <folder>img</folder>
    <filename>7.jpg</filename>
    <size>
        <width>864</width>
        <height>1296</height>
        <depth>3</depth>
    </size>
    <segmented>0</segmented>
    <object>
        <name>macbeth</name>
        <pose>Unspecified</pose>
        <truncated>0</truncated>
        <occluded>0</occluded>
        <difficult>0</difficult>
        <polygon>
            <x1>397</x1>
            <y1>684</y1>
            <x2>482</x2>
            <y2>693</y2>
            <x3>470</x3>
            <y3>811</y3>
            <x4>386</x4>
            <y4>800</y4>
        </polygon>
        <bndbox>
            <xmin>386</xmin>
            <ymin>684</ymin>
            <xmax>482</xmax>
            <ymax>811</ymax>
        </bndbox>
    </object>
</annotation>