<annotation>
    <folder>img</folder>
    <filename>8D5U5595_orig.jpg</filename>
    <size>
        <width>544</width>
        <height>816</height>
        <depth>3</depth>
    </size>
    <segmented>0</segmented>
    <object>
        <name>macbeth</name>
        <pose>Unspecified</pose>
        <truncated>0</truncated>
        <occluded>0</occluded>
        <difficult>0</difficult>
        <polygon>
            <x1>265</x1>
            <y1>598</y1>
            <x2>340</x2>
            <y2>603</y2>
            <x3>338</x3>
            <y3>657</y3>
            <x4>265</x4>
            <y4>654</y4>
        </polygon>
        <bndbox>
            <xmin>265</xmin>
            <ymin>598</ymin>
            <xmax>340</xmax>
            <ymax>657</ymax>
        </bndbox>
    </object>
</annotation>