<annotation>
    <folder>img</folder>
    <filename>catherine_mary_stewart_00074.jpg</filename>
    <size>
        <width>970</width>
        <height>1296</height>
        <depth>3</depth>
    </size>
    <segmented>0</segmented>
    <object>
        <name>macbeth</name>
        <pose>Unspecified</pose>
        <truncated>0</truncated>
        <occluded>0</occluded>
        <difficult>0</difficult>
        <polygon>
            <x1>637</x1>
            <y1>660</y1>
            <x2>796</x2>
            <y2>668</y2>
            <x3>792</x3>
            <y3>778</y3>
            <x4>632</x4>
            <y4>770</y4>
        </polygon>
        <bndbox>
            <xmin>632</xmin>
            <ymin>660</ymin>
            <xmax>796</xmax>
            <ymax>778</ymax>
        </bndbox>
    </object>
</annotation>