<annotation>
    <folder>img</folder>
    <filename>girl-with-colorchecker.jpg</filename>
    <size>
        <width>800</width>
        <height>701</height>
        <depth>3</depth>
    </size>
    <segmented>0</segmented>
    <object>
        <name>macbeth</name>
        <pose>Unspecified</pose>
        <truncated>0</truncated>
        <occluded>0</occluded>
        <difficult>0</difficult>
        <polygon>
            <x1>102</x1>
            <y1>347</y1>
            <x2>445</x2>
            <y2>340</y2>
            <x3>449</x3>
            <y3>579</y3>
            <x4>106</x4>
            <y4>583</y4>
        </polygon>
        <bndbox>
            <xmin>102</xmin>
            <ymin>340</ymin>
            <xmax>449</xmax>
            <ymax>583</ymax>
        </bndbox>
    </object>
</annotation>