<annotation>
    <folder>img</folder>
    <filename>IMG_1313.jpg</filename>
    <size>
        <width>4032</width>
        <height>3024</height>
        <depth>3</depth>
    </size>
    <segmented>0</segmented>
    <object>
        <name>macbeth</name>
        <pose>Unspecified</pose>
        <truncated>0</truncated>
        <occluded>0</occluded>
        <difficult>0</difficult>
        <polygon>
            <x1>1339</x1>
            <y1>1057</y1>
            <x2>1929</x2>
            <y2>1851</y2>
            <x3>2324</x3>
            <y3>1579</y3>
            <x4>1794</x4>
            <y4>873</y4>
        </polygon>
        <bndbox>
            <xmin>1339</xmin>
            <ymin>873</ymin>
            <xmax>2324</xmax>
            <ymax>1851</ymax>
        </bndbox>
    </object>
</annotation>