<annotation>
    <folder>img</folder>
    <filename>IMG_1332.jpg</filename>
    <size>
        <width>3024</width>
        <height>4032</height>
        <depth>3</depth>
    </size>
    <segmented>0</segmented>
    <object>
        <name>macbeth</name>
        <pose>Unspecified</pose>
        <truncated>0</truncated>
        <occluded>0</occluded>
        <difficult>0</difficult>
        <polygon>
            <x1>1732</x1>
            <y1>1446</y1>
            <x2>2892</x2>
            <y2>1863</y2>
            <x3>1549</x3>
            <y3>3509</y3>
            <x4>230</x4>
            <y4>2430</y4>
        </polygon>
        <bndbox>
            <xmin>230</xmin>
            <ymin>1446</ymin>
            <xmax>2892</xmax>
            <ymax>3509</ymax>
        </bndbox>
    </object>
</annotation>