<annotation>
    <folder>img</folder>
    <filename>IMG_1330.jpg</filename>
    <size>
        <width>4032</width>
        <height>3024</height>
        <depth>3</depth>
    </size>
    <segmented>0</segmented>
    <object>
        <name>macbeth</name>
        <pose>Unspecified</pose>
        <truncated>0</truncated>
        <occluded>0</occluded>
        <difficult>0</difficult>
        <polygon>
            <x1>2131</x1>
            <y1>748</y1>
            <x2>1574</x2>
            <y2>1868</y2>
            <x3>2321</x3>
            <y3>2260</y3>
            <x4>2834</x4>
            <y4>1174</y4>
        </polygon>
        <bndbox>
            <xmin>1574</xmin>
            <ymin>748</ymin>
            <xmax>2834</xmax>
            <ymax>2260</ymax>
        </bndbox>
    </object>
</annotation>