<annotation>
    <folder>img</folder>
    <filename>IMG_1324.jpg</filename>
    <size>
        <width>3024</width>
        <height>4032</height>
        <depth>3</depth>
    </size>
    <segmented>0</segmented>
    <object>
        <name>macbeth</name>
        <pose>Unspecified</pose>
        <truncated>0</truncated>
        <occluded>0</occluded>
        <difficult>0</difficult>
        <polygon>
            <x1>1348</x1>
            <y1>2093</y1>
            <x2>1449</x2>
            <y2>2345</y2>
            <x3>1948</x3>
            <y3>2260</y3>
            <x4>1814</x4>
            <y4>2020</y4>
        </polygon>
        <bndbox>
            <xmin>1348</xmin>
            <ymin>2020</ymin>
            <xmax>1948</xmax>
            <ymax>2345</ymax>
        </bndbox>
    </object>
</annotation>