<annotation>
    <folder>img</folder>
    <filename>IMG_0319_orig.jpg</filename>
    <size>
        <width>584</width>
        <height>877</height>
        <depth>3</depth>
    </size>
    <segmented>0</segmented>
    <object>
        <name>macbeth</name>
        <pose>Unspecified</pose>
        <truncated>0</truncated>
        <occluded>0</occluded>
        <difficult>0</difficult>
        <polygon>
            <x1>400</x1>
            <y1>474</y1>
            <x2>403</x2>
            <y2>558</y2>
            <x3>527</x3>
            <y3>556</y3>
            <x4>518</x4>
            <y4>472</y4>
        </polygon>
        <bndbox>
            <xmin>400</xmin>
            <ymin>472</ymin>
            <xmax>527</xmax>
            <ymax>558</ymax>
        </bndbox>
    </object>
</annotation>