<annotation>
    <folder>img</folder>
    <filename>IMG_1343.jpg</filename>
    <size>
        <width>3024</width>
        <height>4032</height>
        <depth>3</depth>
    </size>
    <segmented>0</segmented>
    <object>
        <name>macbeth</name>
        <pose>Unspecified</pose>
        <truncated>0</truncated>
        <occluded>0</occluded>
        <difficult>0</difficult>
        <polygon>
            <x1>1072</x1>
            <y1>2019</y1>
            <x2>2223</x2>
            <y2>2016</y2>
            <x3>1890</x3>
            <y3>3423</y3>
            <x4>812</x4>
            <y4>2999</y4>
        </polygon>
        <bndbox>
            <xmin>812</xmin>
            <ymin>2016</ymin>
            <xmax>2223</xmax>
            <ymax>3423</ymax>
        </bndbox>
    </object>
</annotation>