<annotation>
    <folder>img</folder>
    <filename>IMG_1346.jpg</filename>
    <size>
        <width>3024</width>
        <height>4032</height>
        <depth>3</depth>
    </size>
    <segmented>0</segmented>
    <object>
        <name>macbeth</name>
        <pose>Unspecified</pose>
        <truncated>0</truncated>
        <occluded>0</occluded>
        <difficult>0</difficult>
        <polygon>
            <x1>311</x1>
            <y1>1097</y1>
            <x2>739</x2>
            <y2>1926</y2>
            <x3>2185</x3>
            <y3>1934</y3>
            <x4>2211</x4>
            <y4>903</y4>
        </polygon>
        <bndbox>
            <xmin>311</xmin>
            <ymin>903</ymin>
            <xmax>2211</xmax>
            <ymax>1934</ymax>
        </bndbox>
    </object>
</annotation>