<annotation>
    <folder>img</folder>
    <filename>IMG_1342.jpg</filename>
    <size>
        <width>3024</width>
        <height>4032</height>
        <depth>3</depth>
    </size>
    <segmented>0</segmented>
    <object>
        <name>macbeth</name>
        <pose>Unspecified</pose>
        <truncated>0</truncated>
        <occluded>0</occluded>
        <difficult>0</difficult>
        <polygon>
            <x1>1148</x1>
            <y1>1336</y1>
            <x2>1248</x2>
            <y2>2329</y2>
            <x3>2390</x3>
            <y3>2853</y3>
            <x4>2396</x4>
            <y4>1390</y4>
        </polygon>
        <bndbox>
            <xmin>1148</xmin>
            <ymin>1336</ymin>
            <xmax>2396</xmax>
            <ymax>2853</ymax>
        </bndbox>
    </object>
</annotation>