<annotation>
    <folder>img</folder>
    <filename>IMG_1336.jpg</filename>
    <size>
        <width>3024</width>
        <height>4032</height>
        <depth>3</depth>
    </size>
    <segmented>0</segmented>
    <object>
        <name>macbeth</name>
        <pose>Unspecified</pose>
        <truncated>0</truncated>
        <occluded>0</occluded>
        <difficult>0</difficult>
        <polygon>
            <x1>1070</x1>
            <y1>1415</y1>
            <x2>1123</x2>
            <y2>2097</y2>
            <x3>2073</x3>
            <y3>2025</y3>
            <x4>2018</x4>
            <y4>1356</y4>
        </polygon>
        <bndbox>
            <xmin>1070</xmin>
            <ymin>1356</ymin>
            <xmax>2073</xmax>
            <ymax>2097</ymax>
        </bndbox>
    </object>
</annotation>