<annotation>
    <folder>img</folder>
    <filename>IMG_1311.jpg</filename>
    <size>
        <width>3024</width>
        <height>4032</height>
        <depth>3</depth>
    </size>
    <segmented>0</segmented>
    <object>
        <name>macbeth</name>
        <pose>Unspecified</pose>
        <truncated>0</truncated>
        <occluded>0</occluded>
        <difficult>0</difficult>
        <polygon>
            <x1>863</x1>
            <y1>2125</y1>
            <x2>987</x2>
            <y2>2746</y2>
            <x3>1891</x3>
            <y3>2517</y3>
            <x4>1731</x4>
            <y4>1908</y4>
        </polygon>
        <bndbox>
            <xmin>863</xmin>
            <ymin>1908</ymin>
            <xmax>1891</xmax>
            <ymax>2746</ymax>
        </bndbox>
    </object>
</annotation>