<annotation>
    <folder>img</folder>
    <filename>IMG_1345.jpg</filename>
    <size>
        <width>3024</width>
        <height>4032</height>
        <depth>3</depth>
    </size>
    <segmented>0</segmented>
    <object>
        <name>macbeth</name>
        <pose>Unspecified</pose>
        <truncated>0</truncated>
        <occluded>0</occluded>
        <difficult>0</difficult>
        <polygon>
            <x1>960</x1>
            <y1>1508</y1>
            <x2>1384</x2>
            <y2>2828</y2>
            <x3>2146</x3>
            <y3>2423</y3>
            <x4>1943</x4>
            <y4>1170</y4>
        </polygon>
        <bndbox>
            <xmin>960</xmin>
            <ymin>1170</ymin>
            <xmax>2146</xmax>
            <ymax>2828</ymax>
        </bndbox>
    </object>
</annotation>