<annotation>
    <folder>img</folder>
    <filename>IMG_1310.jpg</filename>
    <size>
        <width>3024</width>
        <height>4032</height>
        <depth>3</depth>
    </size>
    <segmented>0</segmented>
    <object>
        <name>macbeth</name>
        <pose>Unspecified</pose>
        <truncated>0</truncated>
        <occluded>0</occluded>
        <difficult>0</difficult>
        <polygon>
            <x1>1712</x1>
            <y1>2996</y1>
            <x2>2526</x2>
            <y2>1992</y2>
            <x3>1064</x3>
            <y3>874</y3>
            <x4>286</x4>
            <y4>1885</y4>
        </polygon>
        <bndbox>
            <xmin>286</xmin>
            <ymin>874</ymin>
            <xmax>2526</xmax>
            <ymax>2996</ymax>
        </bndbox>
    </object>
</annotation>