<annotation>
    <folder>img</folder>
    <filename>IMG_1317.jpg</filename>
    <size>
        <width>3024</width>
        <height>4032</height>
        <depth>3</depth>
    </size>
    <segmented>0</segmented>
    <object>
        <name>macbeth</name>
        <pose>Unspecified</pose>
        <truncated>0</truncated>
        <occluded>0</occluded>
        <difficult>0</difficult>
        <polygon>
            <x1>471</x1>
            <y1>738</y1>
            <x2>967</x2>
            <y2>1941</y2>
            <x3>1596</x3>
            <y3>1630</y3>
            <x4>1233</x4>
            <y4>520</y4>
        </polygon>
        <bndbox>
            <xmin>471</xmin>
            <ymin>520</ymin>
            <xmax>1596</xmax>
            <ymax>1941</ymax>
        </bndbox>
    </object>
</annotation>