<annotation>
    <folder>img</folder>
    <filename>IMG_1320.jpg</filename>
    <size>
        <width>3024</width>
        <height>4032</height>
        <depth>3</depth>
    </size>
    <segmented>0</segmented>
    <object>
        <name>macbeth</name>
        <pose>Unspecified</pose>
        <truncated>0</truncated>
        <occluded>0</occluded>
        <difficult>0</difficult>
        <polygon>
            <x1>1250</x1>
            <y1>1518</y1>
            <x2>1748</x2>
            <y2>1514</y2>
            <x3>1782</x3>
            <y3>2150</y3>
            <x4>1219</x4>
            <y4>2146</y4>
        </polygon>
        <bndbox>
            <xmin>1219</xmin>
            <ymin>1514</ymin>
            <xmax>1782</xmax>
            <ymax>2150</ymax>
        </bndbox>
    </object>
</annotation>