<annotation>
    <folder>img</folder>
    <filename>IMG_1348.jpg</filename>
    <size>
        <width>3024</width>
        <height>4032</height>
        <depth>3</depth>
    </size>
    <segmented>0</segmented>
    <object>
        <name>macbeth</name>
        <pose>Unspecified</pose>
        <truncated>0</truncated>
        <occluded>0</occluded>
        <difficult>0</difficult>
        <polygon>
            <x1>855</x1>
            <y1>1415</y1>
            <x2>2288</x2>
            <y2>1469</y2>
            <x3>2152</x3>
            <y3>3438</y3>
            <x4>861</x4>
            <y4>3253</y4>
        </polygon>
        <bndbox>
            <xmin>855</xmin>
            <ymin>1415</ymin>
            <xmax>2288</xmax>
            <ymax>3438</ymax>
        </bndbox>
    </object>
</annotation>