<annotation>
    <folder>img</folder>
    <filename>p04.jpg</filename>
    <size>
        <width>320</width>
        <height>240</height>
        <depth>3</depth>
    </size>
    <segmented>0</segmented>
    <object>
        <name>macbeth</name>
        <pose>Unspecified</pose>
        <truncated>0</truncated>
        <occluded>0</occluded>
        <difficult>0</difficult>
        <polygon>
            <x1>41</x1>
            <y1>25</y1>
            <x2>49</x2>
            <y2>187</y2>
            <x3>273</x3>
            <y3>184</y3>
            <x4>281</x4>
            <y4>26</y4>
        </polygon>
        <bndbox>
            <xmin>41</xmin>
            <ymin>25</ymin>
            <xmax>281</xmax>
            <ymax>187</ymax>
        </bndbox>
    </object>
</annotation>