<annotation>
    <folder>img</folder>
    <filename>penn_jillette_00135.jpg</filename>
    <size>
        <width>1400</width>
        <height>1869</height>
        <depth>3</depth>
    </size>
    <segmented>0</segmented>
    <object>
        <name>macbeth</name>
        <pose>Unspecified</pose>
        <truncated>0</truncated>
        <occluded>0</occluded>
        <difficult>0</difficult>
        <rotated_box>
            <cx>683</cx>
            <cy>813</cy>
            <width>326</width>
            <height>230</height>
            <rot>0.045100</rot>
        </rotated_box>
        <polygon>
            <x1>526</x1>
            <y1>935</y1>
            <x2>851</x2>
            <y2>921</y2>
            <x3>841</x3>
            <y3>692</y3>
            <x4>515</x4>
            <y4>707</y4>
        </polygon>
        <bndbox>
            <xmin>515</xmin>
            <ymin>692</ymin>
            <xmax>851</xmax>
            <ymax>935</ymax>
        </bndbox>
    </object>
</annotation>