<annotation>
    <folder>img</folder>
    <filename>penn_jillette_00106.jpg</filename>
    <size>
        <width>1400</width>
        <height>1869</height>
        <depth>3</depth>
    </size>
    <segmented>0</segmented>
    <object>
        <name>macbeth</name>
        <pose>Unspecified</pose>
        <truncated>0</truncated>
        <occluded>0</occluded>
        <difficult>0</difficult>
        <bndbox>
            <xmin>369</xmin>
            <ymin>601</ymin>
            <xmax>609</xmax>
            <ymax>770</ymax>
        </bndbox>
    </object>
</annotation>