<annotation>
    <folder>img</folder>
    <filename>rt2012_xboard_00012-mos.jpg</filename>
    <size>
        <width>961</width>
        <height>720</height>
        <depth>3</depth>
    </size>
    <segmented>0</segmented>
    <object>
        <name>macbeth</name>
        <pose>Unspecified</pose>
        <truncated>0</truncated>
        <occluded>0</occluded>
        <difficult>0</difficult>
        <polygon>
            <x1>413</x1>
            <y1>323</y1>
            <x2>408</x2>
            <y2>389</y2>
            <x3>504</x3>
            <y3>398</y3>
            <x4>509</x4>
            <y4>332</y4>
        </polygon>
        <bndbox>
            <xmin>408</xmin>
            <ymin>323</ymin>
            <xmax>509</xmax>
            <ymax>398</ymax>
        </bndbox>
    </object>
</annotation>