<annotation>
    <folder>img</folder>
    <filename>sg13.jpg</filename>
    <size>
        <width>864</width>
        <height>1295</height>
        <depth>3</depth>
    </size>
    <segmented>0</segmented>
    <object>
        <name>macbeth</name>
        <pose>Unspecified</pose>
        <truncated>0</truncated>
        <occluded>0</occluded>
        <difficult>0</difficult>
        <polygon>
            <x1>273</x1>
            <y1>431</y1>
            <x2>269</x2>
            <y2>540</y2>
            <x3>425</x3>
            <y3>547</y3>
            <x4>428</x4>
            <y4>438</y4>
        </polygon>
        <bndbox>
            <xmin>269</xmin>
            <ymin>431</ymin>
            <xmax>428</xmax>
            <ymax>547</ymax>
        </bndbox>
    </object>
</annotation>