<annotation>
    <folder>img</folder>
    <filename>sg8.jpg</filename>
    <size>
        <width>864</width>
        <height>1154</height>
        <depth>3</depth>
    </size>
    <segmented>0</segmented>
    <object>
        <name>macbeth</name>
        <pose>Unspecified</pose>
        <truncated>0</truncated>
        <occluded>0</occluded>
        <difficult>0</difficult>
        <polygon>
            <x1>420</x1>
            <y1>481</y1>
            <x2>423</x2>
            <y2>563</y2>
            <x3>543</x3>
            <y3>561</y3>
            <x4>541</x4>
            <y4>477</y4>
        </polygon>
        <bndbox>
            <xmin>420</xmin>
            <ymin>477</ymin>
            <xmax>543</xmax>
            <ymax>563</ymax>
        </bndbox>
    </object>
</annotation>