<annotation>
    <folder>img</folder>
    <filename>t-7797r.jpg</filename>
    <size>
        <width>240</width>
        <height>320</height>
        <depth>3</depth>
    </size>
    <segmented>0</segmented>
    <object>
        <name>macbeth</name>
        <pose>Unspecified</pose>
        <truncated>0</truncated>
        <occluded>0</occluded>
        <difficult>0</difficult>
        <polygon>
            <x1>49</x1>
            <y1>172</y1>
            <x2>52</x2>
            <y2>262</y2>
            <x3>184</x3>
            <y3>262</y3>
            <x4>183</x4>
            <y4>169</y4>
        </polygon>
        <bndbox>
            <xmin>49</xmin>
            <ymin>169</ymin>
            <xmax>184</xmax>
            <ymax>262</ymax>
        </bndbox>
    </object>
</annotation>